transactie_id,bedrag
1,93.65
2,28.35
3,897.02
4,16.49
5,405.18
6,125.05
7,14.93
8,332.89
9,12.96
10,199.96
11,16.2
12,18.71
13,187.74
14,3023.82
15,23.52
16,46.74
17,762.61
18,6968.3
19,538.65
20,154.9
21,8487.22
22,13.8
23,3761.88
24,73.93
25,27.09
26,22.56
27,84.23
28,2807.88
29,34.85
30,555.65
31,825.54
32,130.98
33,439.78
34,15.43
35,15.09
36,41.48
37,1099.51
38,191.77
39,87.59
40,571.07
41,228.85
42,79.31
43,2416.23
44,1250.21
45,53.99
46,528.78
47,376.35
48,4220.97
49,1542.89
50,73.08
51,8720.16
52,22.6
53,179.63
54,1868.2
55,28.57
56,293.01
57,13.11
58,1010.76
59,1966.58
60,523.69
